{"val_loss": [3.7053909301757812, 3.7995333671569824, 3.694340229034424, 2.3414154052734375, 2.2942941188812256], "val_accuracy": [0.30347222089767456, 0.4438633322715759, 0.4564156234264374, 0.4668758809566498, 0.4843096137046814], "loss": [0.26020671545650137, 4.996283690515266e-05, 2.2137805134658097e-05, 8.141198675811448e-06, 6.677463600756062e-06], "accuracy": [